0,0,0,0,0,0,0,0,0,0,0,0,0,0,0,0,0,0,0,0,0,0,0,0,0,0,0,0,0,0,0,0,0,0,0,0,0,0,0,0,0,0,0,0,0,0,0,0,0,0,0,0,0,0,0,0,0,0,0,0,0,0,0,0,0,0,0,0,0,0,0,0,0,0,0,0,0,0,0,0,0,0,0,0,0,0,0,0,0,0,0,0,0,0,0,0,0,0,0,0,0,0,0,0,0,0,0,0,0,0,0,0,0,0,0,0,0,0,0,0,0,0,0,0,0,0,0,0,0,0,0,0,0,0,0,0,0,0,0,0,0,0,0,0,0,0,0,0,0,0,0,0,0,0,0,0,0,0,0,0,0,0,0,0,0,0,0,0,0,0,0,0,0,0,0,0,0,0,0,0,0,0,0,0,0,0,0,0,0,0,0,0,0,0,0,0,0,0,0,0,0,0,0.33,0.73,0.62,0.59,0.24,0.14,0,0,0,0,0,0,0,0,0,0,0,0,0,0,0,0,0,0,0,0,0,0,0.87,1.00,1.00,1.00,1.00,0.95,0.78,0.78,0.78,0.78,0.78,0.78,0.78,0.78,0.67,0.20,0,0,0,0,0,0,0,0,0,0,0,0,0.26,0.45,0.28,0.45,0.64,0.89,1.00,0.88,1.00,1.00,1.00,0.98,0.90,1.00,1.00,0.55,0,0,0,0,0,0,0,0,0,0,0,0,0,0,0,0,0,0.07,0.26,0.05,0.26,0.26,0.26,0.23,0.08,0.93,1.00,0.42,0,0,0,0,0,0,0,0,0,0,0,0,0,0,0,0,0,0,0,0,0,0,0,0,0.33,0.99,0.82,0.07,0,0,0,0,0,0,0,0,0,0,0,0,0,0,0,0,0,0,0,0,0,0,0,0.09,0.91,1.00,0.33,0,0,0,0,0,0,0,0,0,0,0,0,0,0,0,0,0,0,0,0,0,0,0,0,0.51,1.00,0.93,0.17,0,0,0,0,0,0,0,0,0,0,0,0,0,0,0,0,0,0,0,0,0,0,0,0.23,0.98,1.00,0.24,0,0,0,0,0,0,0,0,0,0,0,0,0,0,0,0,0,0,0,0,0,0,0,0,0.52,1.00,0.73,0.02,0,0,0,0,0,0,0,0,0,0,0,0,0,0,0,0,0,0,0,0,0,0,0,0.04,0.80,0.97,0.23,0,0,0,0,0,0,0,0,0,0,0,0,0,0,0,0,0,0,0,0,0,0,0,0,0.49,1.00,0.71,0,0,0,0,0,0,0,0,0,0,0,0,0,0,0,0,0,0,0,0,0,0,0,0,0.29,0.98,0.94,0.22,0,0,0,0,0,0,0,0,0,0,0,0,0,0,0,0,0,0,0,0,0,0,0,0.07,0.87,1.00,0.65,0,0,0,0,0,0,0,0,0,0,0,0,0,0,0,0,0,0,0,0,0,0,0,0.01,0.80,1.00,0.86,0.14,0,0,0,0,0,0,0,0,0,0,0,0,0,0,0,0,0,0,0,0,0,0,0,0.15,1.00,1.00,0.30,0,0,0,0,0,0,0,0,0,0,0,0,0,0,0,0,0,0,0,0,0,0,0,0.12,0.88,1.00,0.45,0.00,0,0,0,0,0,0,0,0,0,0,0,0,0,0,0,0,0,0,0,0,0,0,0,0.52,1.00,1.00,0.20,0,0,0,0,0,0,0,0,0,0,0,0,0,0,0,0,0,0,0,0,0,0,0,0.24,0.95,1.00,1.00,0.20,0,0,0,0,0,0,0,0,0,0,0,0,0,0,0,0,0,0,0,0,0,0,0,0.47,1.00,1.00,0.86,0.16,0,0,0,0,0,0,0,0,0,0,0,0,0,0,0,0,0,0,0,0,0,0,0,0.47,1.00,0.81,0.07,0,0,0,0,0,0,0,0,0,0,0,0,0,0,0,0,0,0,0,0,0,0,0,0,0,0,0,0,0,0,0,0,0,0,0,0,0,0,0,0,0,0
0,0,0,0,0,0,0,0,0,0,0,0,0,0,0,0,0,0,0,0,0,0,0,0,0,0,0,0,0,0,0,0,0,0,0,0,0,0,0,0,0,0,0,0,0,0,0,0,0,0,0,0,0,0,0,0,0,0,0,0,0,0,0,0,0,0,0,0,0,0,0,0,0,0,0,0,0,0,0,0,0,0,0,0,0,0,0,0,0,0,0,0,0,0,0.45,0.49,0.67,1.00,1.00,0.59,0.36,0,0,0,0,0,0,0,0,0,0,0,0,0,0,0,0,0,0,0,0,0.66,0.99,0.99,0.99,0.99,0.99,0.99,0.85,0.12,0,0,0,0,0,0,0,0,0,0,0,0,0,0,0,0,0,0,0.66,0.99,0.99,0.99,0.84,0.56,0.69,0.99,0.99,0.48,0,0,0,0,0,0,0,0,0,0,0,0,0,0,0,0,0,0.20,0.98,0.99,0.82,0.13,0.05,0,0.02,0.81,0.99,0.55,0,0,0,0,0,0,0,0,0,0,0,0,0,0,0,0,0,0.30,0.98,0.82,0.10,0,0,0,0.48,0.97,0.99,0.25,0,0,0,0,0,0,0,0,0,0,0,0,0,0,0,0,0,0,0.12,0.07,0,0,0,0,0.82,0.99,0.99,0.25,0,0,0,0,0,0,0,0,0,0,0,0,0,0,0,0,0,0,0,0,0,0,0,0.46,0.97,0.99,0.78,0.04,0,0,0,0,0,0,0,0,0,0,0,0,0,0,0,0,0,0,0,0,0,0,0.30,0.97,0.99,0.91,0.25,0,0,0,0,0,0,0,0,0,0,0,0,0,0,0,0,0,0,0,0,0,0,0,0.50,0.99,0.99,0.56,0,0,0,0,0,0,0,0,0,0,0,0,0,0,0,0,0,0,0,0,0,0,0,0.69,0.96,0.99,0.62,0.05,0,0,0,0,0,0,0,0,0,0,0,0,0,0,0,0,0,0,0,0,0,0,0.10,0.92,0.99,0.91,0.14,0,0,0,0,0,0,0,0,0,0,0,0,0,0,0,0,0,0,0,0,0,0,0,0.78,0.99,0.99,0.55,0,0,0,0,0,0,0,0,0,0,0,0,0,0,0,0,0,0,0,0,0,0,0,0.31,0.97,0.99,0.74,0.05,0,0,0,0,0,0,0,0,0,0,0,0,0,0,0,0,0,0,0,0,0,0,0.07,0.78,0.99,0.99,0.55,0,0,0,0,0,0,0,0,0,0,0,0,0,0,0,0,0,0,0,0,0,0,0,0.53,0.99,0.99,0.68,0.05,0,0,0,0,0,0,0,0,0,0,0,0,0,0,0,0,0,0,0,0,0,0,0,0.97,0.99,0.99,0.10,0,0,0,0,0,0,0,0,0,0,0,0,0,0,0,0,0,0,0,0,0,0,0,0,0.97,0.99,0.99,0.17,0.08,0.08,0.08,0.08,0.02,0,0.02,0.08,0.08,0.15,0.59,0.59,0.59,0.58,0.04,0,0,0,0,0,0,0,0,0,0.97,0.99,0.99,0.99,0.99,0.99,0.99,0.99,0.66,0.56,0.65,0.99,0.99,0.99,0.99,0.99,0.99,0.99,0.48,0,0,0,0,0,0,0,0,0,0.68,0.99,0.99,0.99,0.99,0.99,0.99,0.99,0.99,0.99,0.99,0.99,0.98,0.97,0.97,0.66,0.46,0.46,0.22,0,0,0,0,0,0,0,0,0,0,0.46,0.48,0.48,0.48,0.65,0.99,0.99,0.99,0.61,0.48,0.48,0.16,0,0,0,0,0,0,0,0,0,0,0,0,0,0,0,0,0,0,0,0,0,0,0,0,0,0,0,0,0,0,0,0,0,0,0,0,0,0,0,0,0,0,0,0,0,0,0,0,0,0,0,0,0,0,0,0,0,0,0,0,0,0,0,0,0,0,0,0,0,0,0,0,0,0,0,0,0,0,0,0,0,0,0,0,0,0,0,0,0,0,0,0,0,0,0,0,0,0,0,0,0,0,0,0,0,0,0,0,0,0,0,0,0,0,0,0,0,0,0,0,0,0,0,0,0,0,0,0,0,0,0,0,0,0,0,0,0,0,0,0,0,0,0,0,0,0,0
0,0,0,0,0,0,0,0,0,0,0,0,0,0,0,0,0,0,0,0,0,0,0,0,0,0,0,0,0,0,0,0,0,0,0,0,0,0,0,0,0,0,0,0,0,0,0,0,0,0,0,0,0,0,0,0,0,0,0,0,0,0,0,0,0,0,0,0,0,0,0,0,0,0,0,0,0,0,0,0,0,0,0,0,0,0,0,0,0,0,0,0,0,0,0,0,0,0,0,0,0,0,0,0,0,0,0,0,0,0,0,0,0,0,0,0,0,0,0,0,0,0,0,0,0,0,0,0,0.15,1.00,0.43,0,0,0,0,0,0,0,0,0,0,0,0,0,0,0,0,0,0,0,0,0,0,0,0,0,0.34,0.99,0.32,0,0,0,0,0,0,0,0,0,0,0,0,0,0,0,0,0,0,0,0,0,0,0,0,0,0.53,0.95,0,0,0,0,0,0,0,0,0,0,0,0,0,0,0,0,0,0,0,0,0,0,0,0,0,0.18,0.96,0.59,0,0,0,0,0,0,0,0,0,0,0,0,0,0,0,0,0,0,0,0,0,0,0,0,0,0.33,1.00,0.25,0,0,0,0,0,0,0,0,0,0,0,0,0,0,0,0,0,0,0,0,0,0,0,0,0,0.79,0.87,0.04,0,0,0,0,0,0,0,0,0,0,0,0,0,0,0,0,0,0,0,0,0,0,0,0,0.13,1.00,0.85,0,0,0,0,0,0,0,0,0,0,0,0,0,0,0,0,0,0,0,0,0,0,0,0,0,0.37,1.00,0.76,0,0,0,0,0,0,0,0,0,0,0,0,0,0,0,0,0,0,0,0,0,0,0,0,0,0.55,1.00,0.30,0,0,0,0,0,0,0,0,0,0,0,0,0,0,0,0,0,0,0,0,0,0,0,0,0.22,0.93,0.80,0.03,0,0,0,0,0,0,0,0,0,0,0,0,0,0,0,0,0,0,0,0,0,0,0,0,0.49,1.00,0.65,0,0,0,0,0,0,0,0,0,0,0,0,0,0,0,0,0,0,0,0,0,0,0,0,0,0.67,1.00,0.32,0,0,0,0,0,0,0,0,0,0,0,0,0,0,0,0,0,0,0,0,0,0,0,0,0.09,0.91,0.84,0,0,0,0,0,0,0,0,0,0,0,0,0,0,0,0,0,0,0,0,0,0,0,0,0,0.47,1.00,0.62,0,0,0,0,0,0,0,0,0,0,0,0,0,0,0,0,0,0,0,0,0,0,0,0,0,0.59,1.00,0.56,0,0,0,0,0,0,0,0,0,0,0,0,0,0,0,0,0,0,0,0,0,0,0,0,0,0.89,1.00,0.26,0,0,0,0,0,0,0,0,0,0,0,0,0,0,0,0,0,0,0,0,0,0,0,0,0.24,0.98,1.00,0.26,0,0,0,0,0,0,0,0,0,0,0,0,0,0,0,0,0,0,0,0,0,0,0,0,0.55,1.00,0.80,0.01,0,0,0,0,0,0,0,0,0,0,0,0,0,0,0,0,0,0,0,0,0,0,0,0.04,0.84,1.00,0.47,0,0,0,0,0,0,0,0,0,0,0,0,0,0,0,0,0,0,0,0,0,0,0,0,0.02,0.78,0.69,0.04,0,0,0,0,0,0,0,0,0,0,0,0,0,0,0,0,0,0,0,0,0,0,0,0,0,0,0,0,0,0,0,0,0,0,0,0,0,0,0,0,0,0,0,0,0,0,0,0,0,0,0,0,0,0,0,0,0,0,0,0,0,0,0,0,0,0,0,0,0,0,0,0,0,0,0,0,0,0,0,0,0,0,0,0,0,0,0,0,0,0,0,0,0,0,0,0,0,0,0,0,0,0,0,0,0,0,0,0,0,0,0,0,0,0,0,0,0,0,0,0,0,0,0,0,0,0
0,0,0,0,0,0,0,0,0,0,0,0,0,0,0,0,0,0,0,0,0,0,0,0,0,0,0,0,0,0,0,0,0,0,0,0,0,0,0,0,0,0,0,0,0,0,0,0,0,0,0,0,0,0,0,0,0,0,0,0,0,0,0,0,0,0,0,0,0,0,0,0,0,0,0,0,0,0,0,0,0,0,0,0,0,0,0,0,0,0,0,0,0,0,0,0,0,0,0,0,0,0,0,0,0,0,0,0,0,0,0,0,0,0,0,0,0,0,0,0,0,0,0,0,0.04,0.59,0.99,0.79,0.12,0,0,0,0,0,0,0,0,0,0,0,0,0,0,0,0,0,0,0,0,0,0,0,0.15,0.98,0.98,0.99,0.42,0,0,0,0,0,0,0,0,0,0,0,0,0,0,0,0,0,0,0,0,0,0,0.08,0.77,0.98,0.98,0.99,0.42,0,0,0,0,0,0,0,0,0,0,0,0,0,0,0,0,0,0,0,0,0,0.43,0.75,0.98,0.98,0.98,0.99,0.66,0.43,0.24,0,0,0,0,0,0,0,0,0,0,0,0,0,0,0,0,0,0,0,0.99,0.98,0.98,0.98,0.98,0.99,0.98,0.98,0.86,0.20,0,0,0,0,0,0,0,0,0,0,0,0,0,0,0,0,0,0.71,1.00,0.99,0.99,0.99,0.99,0.92,0.87,0.99,0.99,0.99,0,0,0,0,0,0,0,0,0,0,0,0,0,0,0,0,0.25,0.87,0.99,0.98,0.98,0.98,0.58,0.30,0.24,0.50,0.98,0.98,0.41,0,0,0,0,0,0,0,0,0,0,0,0,0,0,0.13,0.91,0.98,0.99,0.98,0.86,0.54,0.04,0,0,0.12,0.90,0.98,0.95,0.44,0.02,0,0,0,0,0,0,0,0,0,0,0,0,0.15,0.98,0.98,0.99,0.74,0.08,0,0,0,0,0,0.43,0.98,0.99,0.98,0.14,0,0,0,0,0,0,0,0,0,0,0,0,0.15,0.98,0.98,0.79,0.12,0,0,0,0,0,0,0.12,0.78,0.99,0.98,0.14,0,0,0,0,0,0,0,0,0,0,0,0,0.15,0.99,0.99,0,0,0,0,0,0,0,0,0.13,0.79,1.00,0.99,0.64,0,0,0,0,0,0,0,0,0,0,0,0,0.55,0.98,0.98,0,0,0,0,0,0,0,0,0.43,0.98,0.99,0.98,0.14,0,0,0,0,0,0,0,0,0,0,0,0,0.85,0.98,0.98,0,0,0,0,0,0,0.08,0.25,0.91,0.98,0.99,0.90,0.12,0,0,0,0,0,0,0,0,0,0,0,0,0.85,0.98,0.98,0,0,0,0,0,0,0.56,0.98,0.98,0.98,0.87,0.24,0,0,0,0,0,0,0,0,0,0,0,0,0,0.85,0.98,0.98,0,0,0,0,0,0.71,0.87,0.98,0.98,0.98,0.71,0,0,0,0,0,0,0,0,0,0,0,0,0,0,0.85,0.99,0.99,0.29,0.29,0.89,0.99,0.99,1.00,0.99,0.99,0.99,0.99,0,0,0,0,0,0,0,0,0,0,0,0,0,0,0,0.44,0.98,0.98,0.99,0.98,0.98,0.98,0.98,0.99,0.98,0.98,0.98,0.58,0,0,0,0,0,0,0,0,0,0,0,0,0,0,0,0.12,0.90,0.98,0.99,0.98,0.98,0.98,0.98,0.99,0.90,0.74,0.14,0.04,0,0,0,0,0,0,0,0,0,0,0,0,0,0,0,0,0.24,0.56,0.99,0.98,0.98,0.98,0.98,0.99,0.42,0,0,0,0,0,0,0,0,0,0,0,0,0,0,0,0,0,0,0,0,0,0.28,0.68,0.98,0.68,0.28,0.28,0.12,0,0,0,0,0,0,0,0,0,0,0,0,0,0,0,0,0,0,0,0,0,0,0,0,0,0,0,0,0,0,0,0,0,0,0,0,0,0,0,0,0,0,0,0,0,0,0,0,0,0,0,0,0,0,0,0,0,0,0,0,0,0,0,0,0,0,0,0,0,0,0,0,0,0,0,0,0,0,0,0,0,0,0,0,0,0,0,0,0,0,0,0,0,0,0,0,0,0,0,0,0,0,0,0,0,0,0,0,0,0,0,0,0,0,0,0,0,0,0,0,0,0,0
0,0,0,0,0,0,0,0,0,0,0,0,0,0,0,0,0,0,0,0,0,0,0,0,0,0,0,0,0,0,0,0,0,0,0,0,0,0,0,0,0,0,0,0,0,0,0,0,0,0,0,0,0,0,0,0,0,0,0,0,0,0,0,0,0,0,0,0,0,0,0,0,0,0,0,0,0,0,0,0,0,0,0,0,0,0,0,0,0,0,0,0,0,0,0,0,0,0,0,0,0,0,0,0,0,0,0,0,0,0,0,0,0,0,0,0,0,0,0,0,0,0,0,0,0,0,0,0,0,0,0,0,0,0,0,0,0,0,0,0,0,0,0,0,0,0,0,0,0,0,0.20,0.88,0,0,0,0,0,0,0,0.27,0.11,0,0,0,0,0,0,0,0,0,0,0,0,0,0,0,0,0,0.47,0.91,0,0,0,0,0,0,0,0.58,0.66,0,0,0,0,0,0,0,0,0,0,0,0,0,0,0,0,0.02,0.76,0.91,0,0,0,0,0,0,0,0.38,0.82,0.04,0,0,0,0,0,0,0,0,0,0,0,0,0,0,0,0.27,0.99,0.53,0,0,0,0,0,0,0,0.45,0.99,0.08,0,0,0,0,0,0,0,0,0,0,0,0,0,0,0.18,0.93,0.85,0.05,0,0,0,0,0,0,0,0.75,0.99,0.08,0,0,0,0,0,0,0,0,0,0,0,0,0,0,0.66,0.97,0.21,0,0,0,0,0,0,0,0.07,1.00,0.99,0.08,0,0,0,0,0,0,0,0,0,0,0,0,0,0.33,0.95,0.83,0,0,0,0,0,0,0,0,0.55,0.99,0.74,0.02,0,0,0,0,0,0,0,0,0,0,0,0,0,0.66,0.99,0.42,0,0,0,0,0,0,0,0.13,0.91,0.98,0.26,0,0,0,0,0,0,0,0,0,0,0,0,0,0.06,0.88,0.99,0,0,0,0,0,0,0,0,0.53,0.99,0.83,0,0,0,0,0,0,0,0,0,0,0,0,0,0,0.09,0.99,0.64,0,0,0,0,0,0,0,0,0.66,0.99,0.65,0,0,0,0,0,0,0,0,0,0,0,0,0,0,0.04,0.80,0.82,0.07,0,0,0,0,0,0,0.09,0.99,0.99,0.42,0,0,0,0,0,0,0,0,0,0,0,0,0,0,0,0.66,0.99,0.78,0.33,0.33,0.33,0.33,0.51,0.64,0.76,0.99,0.99,0.42,0,0,0,0,0,0,0,0,0,0,0,0,0,0,0,0.16,0.67,0.96,0.99,0.99,0.99,0.99,0.91,0.91,0.98,0.99,0.99,0.04,0,0,0,0,0,0,0,0,0,0,0,0,0,0,0,0,0,0.19,0.33,0.33,0.33,0.33,0,0,0.63,0.99,0.99,0,0,0,0,0,0,0,0,0,0,0,0,0,0,0,0,0,0,0,0,0,0,0,0,0,0.50,0.99,0.99,0.18,0,0,0,0,0,0,0,0,0,0,0,0,0,0,0,0,0,0,0,0,0,0,0,0,0.50,0.99,0.99,0,0,0,0,0,0,0,0,0,0,0,0,0,0,0,0,0,0,0,0,0,0,0,0,0,0.50,0.99,0.99,0,0,0,0,0,0,0,0,0,0,0,0,0,0,0,0,0,0,0,0,0,0,0,0,0,0.53,0.99,0.96,0,0,0,0,0,0,0,0,0,0,0,0,0,0,0,0,0,0,0,0,0,0,0,0,0,0.91,0.93,0.44,0,0,0,0,0,0,0,0,0,0,0,0,0,0,0,0,0,0,0,0,0,0,0,0,0,0.70,0.26,0,0,0,0,0,0,0,0,0,0,0,0,0,0,0,0,0,0,0,0,0,0,0,0,0,0,0,0,0,0,0,0,0,0,0,0,0,0,0,0,0,0,0,0,0,0,0,0,0,0,0,0,0,0,0,0,0,0,0,0,0,0,0,0,0,0,0,0,0,0,0,0,0,0,0,0,0,0,0,0,0,0,0,0,0,0,0,0,0,0,0,0,0,0
0,0,0,0,0,0,0,0,0,0,0,0,0,0,0,0,0,0,0,0,0,0,0,0,0,0,0,0,0,0,0,0,0,0,0,0,0,0,0,0,0,0,0,0,0,0,0,0,0,0,0,0,0,0,0,0,0,0,0,0,0,0,0,0,0,0,0,0,0,0,0,0,0,0,0,0,0,0,0,0,0,0,0,0,0,0,0,0,0,0,0,0,0,0,0,0,0,0,0,0,0,0,0,0,0,0,0,0,0,0,0,0,0,0,0,0,0,0,0,0,0,0,0,0,0,0,0,0,0,0,0,0,0,0,0,0,0,0,0,0,0,0,0,0,0,0,0,0,0,0,0,0,0,0,0,0,0.30,1.00,0.42,0.01,0,0,0,0,0,0,0,0,0,0,0,0,0,0,0,0,0,0,0,0,0,0,0,0.07,0.89,1.00,1.00,0.04,0,0,0,0,0,0,0,0,0,0,0,0,0,0,0,0,0,0,0,0,0,0,0,0.32,1.00,1.00,0.65,0.00,0,0,0,0,0,0,0,0,0,0,0,0,0,0,0,0,0,0,0,0,0,0,0.03,0.80,1.00,1.00,0.29,0,0,0,0,0,0,0,0,0,0,0,0,0,0,0,0,0,0,0,0,0,0,0,0.21,1.00,1.00,0.98,0,0,0,0,0,0,0,0,0,0,0,0,0,0,0,0,0,0,0,0,0,0,0,0,0.53,1.00,1.00,0.71,0,0,0,0,0,0,0,0,0,0,0,0,0,0,0,0,0,0,0,0,0,0,0,0,0.77,1.00,0.97,0.19,0,0,0,0,0,0,0,0,0,0,0,0,0,0,0,0,0,0,0,0,0,0,0,0.23,1.00,1.00,0.93,0,0,0,0,0,0,0,0,0,0,0,0,0,0,0,0,0,0,0,0,0,0,0,0,0.44,1.00,1.00,0.52,0,0,0,0,0,0,0,0,0,0,0,0,0,0,0,0,0,0,0,0,0,0,0,0,0.64,1.00,0.93,0.11,0,0,0,0,0,0,0,0,0,0,0,0,0,0,0,0,0,0,0,0,0,0,0,0.24,0.99,1.00,0.87,0,0,0,0,0,0,0,0,0,0,0,0,0,0,0,0,0,0,0,0,0,0,0,0,0.31,1.00,1.00,0.60,0,0,0,0,0,0,0,0,0,0,0,0,0,0,0,0,0,0,0,0,0,0,0,0,0.64,1.00,0.93,0.21,0,0,0,0,0,0,0,0,0,0,0,0,0,0,0,0,0,0,0,0,0,0,0,0.11,0.99,1.00,0.82,0,0,0,0,0,0,0,0,0,0,0,0,0,0,0,0,0,0,0,0,0,0,0,0,0.34,1.00,1.00,0.51,0,0,0,0,0,0,0,0,0,0,0,0,0,0,0,0,0,0,0,0,0,0,0,0,0.41,1.00,0.92,0.08,0,0,0,0,0,0,0,0,0,0,0,0,0,0,0,0,0,0,0,0,0,0,0,0,0.69,1.00,0.80,0.02,0,0,0,0,0,0,0,0,0,0,0,0,0,0,0,0,0,0,0,0,0,0,0,0.02,0.83,1.00,0.77,0,0,0,0,0,0,0,0,0,0,0,0,0,0,0,0,0,0,0,0,0,0,0,0,0.01,0.62,1.00,0.63,0,0,0,0,0,0,0,0,0,0,0,0,0,0,0,0,0,0,0,0,0,0,0,0,0,0.10,0.62,0.42,0,0,0,0,0,0,0,0,0,0,0,0,0,0,0,0,0,0,0,0,0,0,0,0,0,0,0,0,0,0,0,0,0,0,0,0,0,0,0,0,0,0,0,0,0,0,0,0,0,0,0,0,0,0,0,0,0,0,0,0,0,0,0,0,0,0,0,0,0,0,0,0,0,0,0,0,0,0,0,0,0,0,0,0,0,0,0,0,0,0,0,0,0,0,0,0,0,0
0,0,0,0,0,0,0,0,0,0,0,0,0,0,0,0,0,0,0,0,0,0,0,0,0,0,0,0,0,0,0,0,0,0,0,0,0,0,0,0,0,0,0,0,0,0,0,0,0,0,0,0,0,0,0,0,0,0,0,0,0,0,0,0,0,0,0,0,0,0,0,0,0,0,0,0,0,0,0,0,0,0,0,0,0,0,0,0,0,0,0,0,0,0,0,0,0,0,0,0,0,0,0,0,0,0,0,0,0,0,0,0,0,0,0,0,0,0,0,0,0,0,0,0,0,0,0,0,0,0,0,0,0,0,0,0,0,0,0,0,0,0,0,0,0,0,0,0,0,0.09,0.75,0.53,0.13,0,0,0,0,0,0,0,0,0.06,0.30,0.02,0,0,0,0,0,0,0,0,0,0,0,0,0.07,0.92,0.98,0.66,0,0,0,0,0,0,0,0,0.06,0.86,0.95,0.15,0,0,0,0,0,0,0,0,0,0,0,0.08,0.74,0.99,0.58,0,0,0,0,0,0,0,0,0,0.55,0.99,0.39,0,0,0,0,0,0,0,0,0,0,0,0,0.27,0.99,0.99,0.08,0,0,0,0,0,0,0,0,0.17,1.00,0.68,0.05,0,0,0,0,0,0,0,0,0,0,0,0.09,0.60,0.99,0.38,0,0,0,0,0,0,0,0,0.17,0.91,1.00,0.36,0,0,0,0,0,0,0,0,0,0,0,0,0.64,1.00,0.80,0.04,0,0,0,0,0,0,0,0,0.41,1.00,0.62,0,0,0,0,0,0,0,0,0,0,0,0,0,0.64,0.99,0.70,0.02,0,0,0,0,0,0,0.04,0.51,0.93,0.99,0,0,0,0,0,0,0,0,0,0,0,0,0,0,0.64,0.99,0.99,0.75,0.69,0.27,0.27,0.27,0.27,0.52,0.77,0.99,0.99,0.66,0,0,0,0,0,0,0,0,0,0,0,0,0,0,0.20,0.89,0.99,0.99,1.00,0.99,0.99,0.99,0.99,1.00,0.99,0.99,0.86,0.14,0,0,0,0,0,0,0,0,0,0,0,0,0,0,0,0.07,0.25,0.54,1.00,0.91,0.54,0.54,0.54,0.17,0.99,0.99,0.63,0,0,0,0,0,0,0,0,0,0,0,0,0,0,0,0,0,0,0,0,0,0,0,0,0.13,1.00,0.81,0.08,0,0,0,0,0,0,0,0,0,0,0,0,0,0,0,0,0,0,0,0,0,0,0,0,0.63,0.99,0.27,0,0,0,0,0,0,0,0,0,0,0,0,0,0,0,0,0,0,0,0,0,0,0,0,0.33,1.00,0.95,0.20,0,0,0,0,0,0,0,0,0,0,0,0,0,0,0,0,0,0,0,0,0,0,0,0,0.62,1.00,0.65,0,0,0,0,0,0,0,0,0,0,0,0,0,0,0,0,0,0,0,0,0,0,0,0,0,0.91,0.96,0.20,0,0,0,0,0,0,0,0,0,0,0,0,0,0,0,0,0,0,0,0,0,0,0,0,0.41,1.00,0.91,0,0,0,0,0,0,0,0,0,0,0,0,0,0,0,0,0,0,0,0,0,0,0,0,0,0.82,0.99,0.62,0,0.05,0.12,0,0,0,0,0,0,0,0,0,0,0,0,0,0,0,0,0,0,0,0,0,0,0.82,0.99,0.60,0.36,0.80,0.63,0,0,0,0,0,0,0,0,0,0,0,0,0,0,0,0,0,0,0,0,0,0,0.82,0.99,1.00,0.99,0.60,0.11,0,0,0,0,0,0,0,0,0,0,0,0,0,0,0,0,0,0,0,0,0,0,0.24,0.75,0.50,0.09,0.02,0,0,0,0,0,0,0,0,0,0,0,0,0,0,0,0,0,0,0,0,0,0,0,0,0,0,0,0,0,0,0,0,0,0,0,0,0,0,0,0,0,0,0,0,0,0,0,0,0,0,0,0,0,0,0,0,0,0,0,0,0,0,0,0,0,0,0,0,0,0,0,0,0,0,0,0,0,0,0,0,0,0,0,0,0,0,0,0,0,0,0,0,0,0
0,0,0,0,0,0,0,0,0,0,0,0,0,0,0,0,0,0,0,0,0,0,0,0,0,0,0,0,0,0,0,0,0,0,0,0,0,0,0,0,0,0,0,0,0,0,0,0,0,0,0,0,0,0,0,0,0,0,0,0,0,0,0,0,0,0,0,0,0,0,0,0,0,0,0,0,0,0,0,0,0,0,0,0,0,0,0,0,0,0,0,0,0,0,0,0,0,0,0,0,0,0,0,0,0,0,0,0,0,0,0,0,0,0,0,0,0,0,0,0,0,0,0,0,0,0,0,0,0,0,0,0,0,0,0,0,0,0,0,0,0,0,0,0,0,0,0,0,0,0,0,0,0,0,0,0,0,0,0,0,0,0,0,0,0,0,0,0,0,0,0,0,0,0,0,0,0,0,0,0.05,0.58,0.76,0.02,0,0,0,0,0,0,0,0,0,0,0,0,0,0,0,0,0,0,0,0,0,0,0,0.36,0.88,0.99,0.99,0.07,0,0,0,0,0,0,0,0,0,0,0,0,0,0,0,0,0,0,0,0,0,0,0.11,0.92,1.00,0.99,0.99,0.65,0.07,0,0,0,0,0,0,0,0,0,0,0,0,0,0,0,0,0,0,0,0,0,0.56,0.99,1.00,0.99,0.99,0.99,0.93,0.45,0.02,0,0,0,0,0,0,0,0,0,0,0,0,0,0,0,0,0,0,0.12,0.95,0.99,0.82,0.73,0.99,0.99,0.99,0.91,0.09,0,0,0,0,0,0,0,0,0,0,0,0,0,0,0,0,0,0,0.31,1.00,0.76,0,0.03,0.38,0.86,1.00,1.00,0.79,0.07,0,0,0,0,0,0,0,0,0,0,0,0,0,0,0,0,0,0.34,0.99,0.31,0,0,0,0.71,0.99,1.00,0.75,0.05,0,0,0,0,0,0,0,0,0,0,0,0,0,0,0,0,0,0.69,0.99,0.61,0,0,0,0.92,0.99,1.00,0.53,0,0,0,0,0,0,0,0,0,0,0,0,0,0,0,0,0,0,0.34,0.99,0.82,0.16,0.33,0.65,0.98,0.93,1.00,0.93,0.16,0,0,0,0,0,0,0,0,0,0,0,0,0,0,0,0,0,0.07,0.93,0.99,1.00,0.99,0.99,0.73,0.14,0.85,0.99,0.60,0,0,0,0,0,0,0,0,0,0,0,0,0,0,0,0,0,0,0.27,0.94,1.00,1.00,0.57,0.03,0,0.53,1.00,0.87,0.14,0,0,0,0,0,0,0,0,0,0,0,0,0,0,0,0,0,0,0.27,0.62,0.56,0.05,0,0,0.04,0.69,0.99,0.63,0,0,0,0,0,0,0,0,0,0,0,0,0,0,0,0,0,0,0,0,0,0,0,0,0,0.35,0.99,0.89,0.07,0,0,0,0,0,0,0,0,0,0,0,0,0,0,0,0,0,0,0,0,0,0,0,0,0.01,0.65,0.99,0.49,0,0,0,0,0,0,0,0,0,0,0,0,0,0,0,0,0,0,0,0,0,0,0,0,0,0.19,0.96,0.99,0.15,0,0,0,0,0,0,0,0,0,0,0,0,0,0,0,0,0,0,0,0,0,0,0,0,0,0.45,1.00,0.67,0.04,0,0,0,0,0,0,0,0,0,0,0,0,0,0,0,0,0,0,0,0,0,0,0,0,0.08,0.85,1.00,0.18,0,0,0,0,0,0,0,0,0,0,0,0,0,0,0,0,0,0,0,0,0,0,0,0,0,0.12,1.00,0.65,0,0,0,0,0,0,0,0,0,0,0,0,0,0,0,0,0,0,0,0,0,0,0,0,0,0,0.73,0.96,0.16,0,0,0,0,0,0,0,0,0,0,0,0,0,0,0,0,0,0,0,0,0,0,0,0,0,0.05,0.87,0.31,0,0,0,0,0,0,0,0,0,0,0,0,0,0,0,0,0,0,0,0,0,0,0,0,0,0,0,0,0,0,0,0,0,0,0,0,0,0,0,0,0,0,0,0,0,0,0,0,0,0,0,0,0,0,0,0,0,0,0,0
0,0,0,0,0,0,0,0,0,0,0,0,0,0,0,0,0,0,0,0,0,0,0,0,0,0,0,0,0,0,0,0,0,0,0,0,0,0,0,0,0,0,0,0,0,0,0,0,0,0,0,0,0,0,0,0,0,0,0,0,0,0,0,0,0,0,0,0,0,0,0,0,0,0,0,0,0,0,0,0,0,0,0,0,0,0,0,0,0,0,0,0,0,0,0,0,0,0,0,0,0,0,0,0,0,0,0,0,0,0,0,0,0,0,0,0,0,0,0,0,0,0,0,0,0,0,0,0,0,0.07,0.18,0.18,0.18,0.06,0.51,0.33,0.18,0,0,0,0,0,0,0,0,0,0,0,0,0,0,0,0,0,0,0.29,0.60,0.85,0.99,0.99,0.99,0.84,0.96,0.99,0.99,0,0,0,0,0,0,0,0,0,0,0,0,0,0,0,0.14,0.56,0.96,0.99,0.99,0.99,0.99,0.99,0.99,0.99,0.99,0.99,0.99,0,0,0,0,0,0,0,0,0,0,0,0,0,0,0,0.25,0.99,0.99,0.99,0.99,0.99,0.99,0.99,0.84,0.67,0.67,0.67,0.67,0,0,0,0,0,0,0,0,0,0,0,0.08,0.52,0.28,0,0.22,0.93,0.89,0.93,0.66,0.49,0.27,0.08,0.04,0,0,0,0,0,0,0,0,0,0,0,0,0,0,0.04,0.81,0.99,0.31,0,0,0.13,0,0.12,0.01,0,0,0,0,0,0,0,0,0,0,0,0,0,0,0,0,0,0.02,0.69,0.99,0.52,0.04,0,0,0,0,0,0,0,0,0,0,0,0,0,0,0,0,0,0,0,0,0,0,0.05,0.52,0.99,0.91,0.06,0,0,0,0,0,0,0,0,0,0,0,0,0,0,0,0,0,0,0,0,0,0,0,0.36,0.99,0.87,0.11,0,0,0,0,0,0,0,0,0,0,0,0,0,0,0,0,0,0,0,0,0,0,0,0,0.59,0.99,0.68,0,0,0,0,0,0,0,0,0,0,0,0,0,0,0,0,0,0,0,0,0,0,0,0,0,0.92,0.99,0.96,0.50,0.19,0,0,0,0,0,0,0,0,0,0,0,0,0,0,0,0,0,0,0,0,0,0,0,1.00,0.99,0.99,0.99,0.98,0.58,0.36,0.47,0.33,0.16,0.16,0.33,0.11,0,0,0,0,0,0,0,0,0,0,0,0,0,0,0,0.55,0.99,0.99,0.99,0.99,0.99,0.99,0.99,0.99,0.99,0.99,0.99,0.91,0.66,0,0,0,0,0,0,0,0,0,0,0,0,0,0,0.01,0.21,0.85,0.87,0.98,0.99,0.99,0.99,0.99,0.99,0.99,0.99,0.99,0.99,0.49,0,0,0,0,0,0,0,0,0,0,0,0,0,0,0,0,0,0.26,0.28,0.78,0.99,0.99,0.99,0.99,0.99,0.99,0.99,0.69,0,0,0,0,0,0,0,0,0,0,0,0,0,0,0,0,0,0,0,0.47,0.99,0.98,0.60,0.20,0.64,0.99,0.99,0.69,0,0,0,0,0,0,0,0,0,0,0,0,0,0,0,0,0,0,0,0.20,0.99,0.99,0.99,0.74,0.99,0.99,0.99,0.58,0,0,0,0,0,0,0,0,0,0,0,0,0,0,0,0,0,0,0,0.04,0.65,0.99,0.99,0.99,0.99,0.98,0.69,0.04,0,0,0,0,0,0,0,0,0,0,0,0,0,0,0,0,0,0,0,0,0.09,0.71,0.91,0.99,0.87,0.50,0,0,0,0,0,0,0,0,0,0,0,0,0,0,0,0,0,0,0,0,0,0,0,0,0.36,0.58,0.09,0,0,0,0,0,0,0,0,0,0,0,0,0,0,0,0,0,0,0,0,0,0,0,0,0,0,0,0,0,0,0,0,0,0,0,0,0,0,0,0,0,0,0,0,0,0,0,0,0,0,0,0,0,0,0,0,0,0,0,0,0,0,0,0,0,0,0,0,0,0,0,0,0,0,0,0,0,0,0,0,0,0,0,0,0,0,0,0,0,0,0,0,0,0,0,0,0,0,0,0,0,0,0,0,0,0,0,0,0,0,0,0,0,0,0,0,0,0,0,0,0,0,0
0,0,0,0,0,0,0,0,0,0,0,0,0,0,0,0,0,0,0,0,0,0,0,0,0,0,0,0,0,0,0,0,0,0,0,0,0,0,0,0,0,0,0,0,0,0,0,0,0,0,0,0,0,0,0,0,0,0,0,0,0,0,0,0,0,0,0,0,0,0,0,0,0,0,0,0,0,0,0,0,0,0,0,0,0,0,0,0,0,0,0,0,0,0,0,0,0,0,0,0,0,0,0,0,0,0,0,0,0,0,0,0,0,0,0,0,0,0,0,0,0,0,0,0,0,0,0,0,0,0,0,0,0,0,0,0,0,0,0,0,0,0,0,0,0,0,0,0,0,0,0,0,0,0,0,0,0,0,0,0,0,0,0,0,0,0,0,0,0,0,0,0,0,0,0,0,0,0,0,0,0,0,0,0,0,0,0,0,0,0,0,0,0,0,0,0,0,0,0,0,0,0,0,0,0,0,0,0,0,0.14,0.22,0.54,0.79,0.78,0.37,0.15,0,0,0,0,0,0,0,0,0,0,0,0,0,0,0,0,0,0,0,0.18,0.60,0.92,1.00,1.00,1.00,1.00,1.00,0.98,0.83,0.59,0.02,0,0,0,0,0,0,0,0,0,0,0,0,0,0,0.18,0.60,0.94,1.00,1.00,0.89,0.65,0.52,0.98,0.78,1.00,0.90,0.88,0.41,0,0,0,0,0,0,0,0,0,0,0,0,0,0.60,0.92,1.00,1.00,0.73,0.56,0.03,0,0,0.75,0.16,0.78,0.96,0.87,0.99,0.08,0,0,0,0,0,0,0,0,0,0,0.03,0.49,0.99,1.00,0.91,0.50,0.04,0,0,0,0,0.82,0.17,0.27,1.00,1.00,1.00,0.08,0,0,0,0,0,0,0,0,0,0,0.28,0.95,1.00,0.89,0.21,0,0,0,0,0.01,0.13,0.45,0.88,0.95,1.00,1.00,0.64,0.02,0,0,0,0,0,0,0,0,0,0,0.29,0.94,1.00,0.87,0.43,0.54,0.70,0.70,0.66,0.82,0.98,0.91,1.00,1.00,1.00,0.91,0.15,0,0,0,0,0,0,0,0,0,0,0,0.04,0.69,0.96,0.99,1.00,1.00,1.00,0.98,1.00,1.00,1.00,1.00,1.00,0.99,0.67,0.10,0,0,0,0,0,0,0,0,0,0,0,0,0,0,0.06,0.53,0.76,0.69,0.57,0.60,0.78,1.00,1.00,1.00,1.00,0.59,0.06,0,0,0,0,0,0,0,0,0,0,0,0,0,0,0,0,0,0,0,0,0,0.64,1.00,1.00,0.95,0.39,0.01,0,0,0,0,0,0,0,0,0,0,0,0,0,0,0,0,0,0,0,0,0,0.46,0.98,1.00,1.00,0.35,0,0,0,0,0,0,0,0,0,0,0,0,0,0,0,0,0,0,0,0,0,0,0.39,0.95,1.00,1.00,0.83,0.03,0,0,0,0,0,0,0,0,0,0,0,0,0,0,0,0,0,0,0,0,0,0.21,0.95,1.00,1.00,0.95,0.23,0,0,0,0,0,0,0,0,0,0,0,0,0,0,0,0,0,0,0,0,0,0,0.51,1.00,1.00,0.96,0.25,0,0,0,0,0,0,0,0,0,0,0,0,0,0,0,0,0,0,0,0,0,0,0.05,0.98,1.00,1.00,0.60,0,0,0,0,0,0,0,0,0,0,0,0,0,0,0,0,0,0,0,0,0,0,0.05,0.89,1.00,1.00,0.82,0.03,0,0,0,0,0,0,0,0,0,0,0,0,0,0,0,0,0,0,0,0,0,0,0.31,1.00,1.00,1.00,0.26,0,0,0,0,0,0,0,0,0,0,0,0,0,0,0,0,0,0,0,0,0,0,0,0.82,1.00,1.00,0.54,0,0,0,0,0,0,0,0,0,0,0,0,0,0,0,0,0,0,0,0,0,0,0,0,0.89,1.00,0.91,0.10,0,0,0,0,0,0,0,0,0,0,0,0,0,0,0,0,0,0,0,0,0,0,0,0,0.44,1.00,0.42,0,0,0,0,0,0,0,0,0,0,0,0,0,0,0,0,0,0,0,0,0,0,0,0,0,0,0,0,0,0,0,0,0,0,0,0,0,0,0,0,0,0,0,0
